path,poseId,gpsAltitude,gpsAltitudeRef,gpsLatitude,gpsLatitudeRef,gpsLongitude,gpsLongitudeRef,gpsDecLatitude,gpsDecLongitude,x,y,z
DJI_0056.JPG,7125557,290.372,0.0,43  41  49.1933,N,2  13  24.6696,E,43.69699813888889,2.2235193333333334,,,
DJI_0108.JPG,7409112,303.99,0.0,43  41  50.7879,N,2  13  25.3253,E,43.69744108333333,2.2237014722222224,,,
DJI_0180.JPG,16488355,267.267,0.0,43  41  49.6268,N,2  13  24.3493,E,43.697118555555555,2.2234303611111113,,,
DJI_0058.JPG,27139231,290.372,0.0,43  41  49.3589,N,2  13  24.0353,E,43.697044138888884,2.223343138888889,,,
DJI_0160.JPG,28172416,274.79,0.0,43  41  49.9262,N,2  13  25.5538,E,43.69720172222222,2.2237649444444445,,,
DJI_0227.JPG,45097309,276.867,0.0,43  41  50.1611,N,2  13  26.2528,E,43.69726697222222,2.223959111111111,-1.187809828619876,-0.7369894564533009,8.69677320279906
DJI_0059.JPG,46615003,290.472,0.0,43  41  49.4578,N,2  13  23.6555,E,43.697071611111106,2.223237638888889,,,
DJI_0004.JPG,82251000,294.915,0.0,43  41  50.9211,N,2  13  24.3094,E,43.69747808333333,2.223419277777778,,,
DJI_0092.JPG,91133152,303.89,0.0,43  41  49.5082,N,2  13  26.704,E,43.697085611111106,2.2240844444444448,,,
DJI_0014.JPG,100014039,304.015,0.0,43  41  49.1601,N,2  13  23.8293,E,43.69698891666666,2.2232859166666668,,,
DJI_0080.JPG,100158743,303.89,0.0,43  41  48.499,N,2  13  25.6285,E,43.69680527777778,2.2237856944444445,,,
DJI_0166.JPG,120938028,273.49,0.0,43  41  49.9275,N,2  13  25.3992,E,43.69720208333333,2.223722,,,
DJI_0028.JPG,126124569,290.572,0.0,43  41  50.3778,N,2  13  24.3417,E,43.69732716666666,2.22342825,,,
DJI_0002.JPG,131985739,279.915,0.0,43  41  50.2516,N,2  13  24.7111,E,43.69729211111111,2.223530861111111,,,
DJI_0165.JPG,146257845,271.69,0.0,43  41  49.9295,N,2  13  25.4074,E,43.69720263888888,2.223724277777778,,,
DJI_0095.JPG,151557325,303.89,0.0,43  41  49.8923,N,2  13  26.6661,E,43.697192305555554,2.2240739166666668,,,
DJI_0106.JPG,157809844,303.99,0.0,43  41  50.7354,N,2  13  25.6123,E,43.6974265,2.2237811944444448,,,
DJI_0096.JPG,214557825,303.89,0.0,43  41  49.9883,N,2  13  26.6264,E,43.69721897222222,2.224062888888889,,,
DJI_0119.JPG,227560371,303.79,0.0,43  41  50.331,N,2  13  23.7529,E,43.697314166666665,2.2232646944444445,,,
DJI_0188.JPG,243772284,272.667,0.0,43  41  49.957,N,2  13  24.3752,E,43.69721027777778,2.223437555555556,0.48730930836869096,0.4903426244891574,-0.011291648433532215
DJI_0082.JPG,249795929,303.89,0.0,43  41  48.5934,N,2  13  25.9055,E,43.696831499999995,2.223862638888889,,,
DJI_0221.JPG,253632591,277.567,0.0,43  41  50.1845,N,2  13  26.1442,E,43.69727347222222,2.2239289444444448,-1.3588171720364648,-0.9716328332262887,8.269870458259112
DJI_0083.JPG,254845785,303.89,0.0,43  41  48.6621,N,2  13  26.0442,E,43.69685058333333,2.223901166666667,,,
DJI_0073.JPG,266724960,303.89,0.0,43  41  48.5901,N,2  13  24.4536,E,43.69683058333333,2.2234593333333335,,,
DJI_0011.JPG,278824690,295.915,0.0,43  41  48.6107,N,2  13  25.9344,E,43.69683630555555,2.223870666666667,,,
DJI_0192.JPG,284252152,268.167,0.0,43  41  50.1628,N,2  13  24.4266,E,43.69726744444444,2.2234518333333333,-0.7902518074520684,1.523194381490265,0.12690795156896195
DJI_0167.JPG,288047080,272.59,0.0,43  41  49.7879,N,2  13  25.5966,E,43.697163305555556,2.2237768333333334,,,
DJI_0024.JPG,308942651,290.372,0.0,43  41  50.4444,N,2  13  25.3986,E,43.69734566666666,2.2237218333333333,,,
DJI_0064.JPG,312979287,303.89,0.0,43  41  49.2682,N,2  13  23.5946,E,43.697018944444444,2.2232207222222224,,,
DJI_0041.JPG,315770994,290.372,0.0,43  41  49.9473,N,2  13  24.5443,E,43.69720758333333,2.223484527777778,,,
DJI_0030.JPG,318936357,290.472,0.0,43  41  50.2401,N,2  13  24.8948,E,43.697288916666665,2.223581888888889,,,
DJI_0164.JPG,334527431,271.69,0.0,43  41  49.9293,N,2  13  25.4058,E,43.69720258333333,2.2237238333333336,,,
DJI_0107.JPG,337627916,303.99,0.0,43  41  50.7716,N,2  13  25.453,E,43.697436555555555,2.2237369444444446,,,
DJI_0066.JPG,355727648,303.89,0.0,43  41  49.1269,N,2  13  23.6793,E,43.696979694444444,2.22324425,,,
DJI_0034.JPG,366703666,290.372,0.0,43  41  49.8738,N,2  13  26.2177,E,43.697187166666666,2.2239493611111114,,,
DJI_0068.JPG,367522851,303.99,0.0,43  41  48.9705,N,2  13  23.8059,E,43.69693624999999,2.2232794166666667,,,
DJI_0003.JPG,396072431,309.015,0.0,43  41  49.732,N,2  13  25.172,E,43.69714777777777,2.223658888888889,,,
DJI_0215.JPG,413682190,270.367,0.0,43  41  50.4525,N,2  13  25.7048,E,43.697347916666665,2.223806888888889,-2.537708209370437,0.648336509056633,6.13070734132497
DJI_0130.JPG,443537626,271.99,0.0,43  41  49.6099,N,2  13  24.8562,E,43.697113861111106,2.223571166666667,,,
DJI_0148.JPG,445952657,272.99,0.0,43  41  49.784,N,2  13  24.879,E,43.69716222222222,2.2235775,,,
DJI_0049.JPG,446369444,290.372,0.0,43  41  49.3356,N,2  13  25.555,E,43.69703766666667,2.223765277777778,,,
DJI_0159.JPG,457854040,274.79,0.0,43  41  49.9247,N,2  13  25.5514,E,43.69720130555555,2.2237642777777777,,,
DJI_0085.JPG,459152728,303.89,0.0,43  41  48.8252,N,2  13  26.2937,E,43.69689588888888,2.223970472222222,,,
DJI_0023.JPG,463294780,290.372,0.0,43  41  50.3454,N,2  13  25.775,E,43.69731816666666,2.223826388888889,,,
DJI_0022.JPG,472599473,290.372,0.0,43  41  50.2769,N,2  13  26.027,E,43.69729913888889,2.223896388888889,,,
DJI_0076.JPG,486479439,303.89,0.0,43  41  48.5034,N,2  13  24.9574,E,43.696806499999994,2.2235992777777778,,,
DJI_0124.JPG,487709090,303.79,0.0,43  41  49.8221,N,2  13  23.4442,E,43.69717280555555,2.2231789444444447,,,
DJI_0219.JPG,489051358,272.367,0.0,43  41  50.2847,N,2  13  26.0432,E,43.697301305555555,2.223900888888889,-1.8808453462382557,0.058237845412879796,7.949144059174215
DJI_0212.JPG,500455912,269.467,0.0,43  41  50.4245,N,2  13  25.7448,E,43.69734013888888,2.223818,-2.4968559547513554,0.8160983399635715,6.277727748686751
DJI_0117.JPG,513845106,303.79,0.0,43  41  50.4774,N,2  13  23.9345,E,43.69735483333333,2.223315138888889,,,
DJI_0194.JPG,516761463,275.867,0.0,43  41  50.174,N,2  13  24.4364,E,43.697270555555555,2.2234545555555556,-0.7556551726618946,-0.1864609304114351,-0.02389137322425136
DJI_0213.JPG,536179209,272.867,0.0,43  41  50.4262,N,2  13  25.7348,E,43.69734061111111,2.2238152222222225,-2.4898521531771154,0.09272766317127434,6.202533967303108
DJI_0174.JPG,539974828,266.767,0.0,43  41  50.0954,N,2  13  24.4974,E,43.69724872222222,2.2234715,,,
DJI_0199.JPG,541456569,269.667,0.0,43  41  50.5774,N,2  13  24.6589,E,43.69738261111111,2.2235163611111113,-3.6671161423526035,1.29046230077675,1.1246449774315521
DJI_0216.JPG,543812054,270.367,0.0,43  41  50.3184,N,2  13  25.5921,E,43.69731066666667,2.2237755833333335,-1.6097019642567196,0.7063229042485561,5.613308045738015
DJI_0217.JPG,562636710,272.967,0.0,43  41  50.2993,N,2  13  25.5941,E,43.697305361111106,2.223776138888889,-1.6213775394773584,0.11949565984416433,5.5635723988622185
DJI_0063.JPG,566127122,303.89,0.0,43  41  49.33,N,2  13  23.5713,E,43.69703611111111,2.2232142500000003,,,
DJI_0012.JPG,572899070,302.915,0.0,43  41  48.6118,N,2  13  25.9909,E,43.69683661111111,2.223886361111111,,,
DJI_0178.JPG,575679006,267.967,0.0,43  41  50.0923,N,2  13  24.4599,E,43.69724786111111,2.2234610833333335,,,
DJI_0067.JPG,590191831,303.89,0.0,43  41  49.0209,N,2  13  23.7621,E,43.69695024999999,2.22326725,,,
DJI_0070.JPG,601666918,303.99,0.0,43  41  48.7837,N,2  13  24.0411,E,43.69688436111111,2.2233447500000003,,,
DJI_0123.JPG,608999116,303.89,0.0,43  41  49.9474,N,2  13  23.4827,E,43.69720761111111,2.223189638888889,,,
DJI_0029.JPG,631377873,290.472,0.0,43  41  50.3066,N,2  13  24.6206,E,43.69730738888889,2.2235057222222223,,,
DJI_0038.JPG,635499286,290.372,0.0,43  41  49.6781,N,2  13  25.5616,E,43.697132805555555,2.223767111111111,,,
DJI_0138.JPG,639166618,271.99,0.0,43  41  49.4202,N,2  13  25.7221,E,43.697061166666664,2.2238116944444446,,,
DJI_0182.JPG,640030407,267.267,0.0,43  41  49.6114,N,2  13  24.478,E,43.69711427777777,2.223466111111111,,,
DJI_0033.JPG,659926446,290.372,0.0,43  41  49.9776,N,2  13  25.8562,E,43.697216,2.2238489444444447,,,
DJI_0075.JPG,664229611,303.89,0.0,43  41  48.519,N,2  13  24.7846,E,43.69681083333333,2.2235512777777777,,,
DJI_0089.JPG,668199651,303.89,0.0,43  41  49.18,N,2  13  26.6009,E,43.69699444444444,2.2240558055555555,,,
DJI_0093.JPG,668491781,303.79,0.0,43  41  49.6047,N,2  13  26.7108,E,43.69711241666666,2.2240863333333336,,,
DJI_0141.JPG,669094559,273.39,0.0,43  41  49.969,N,2  13  25.0192,E,43.69721361111111,2.2236164444444446,,,
DJI_0077.JPG,676175691,303.89,0.0,43  41  48.5005,N,2  13  25.0869,E,43.69680569444444,2.22363525,,,
DJI_0220.JPG,681400668,275.267,0.0,43  41  50.2773,N,2  13  26.0181,E,43.69729924999999,2.223893916666667,-1.8925070121507916,-0.5279890136958636,7.87942555021206
DJI_0150.JPG,690991110,270.69,0.0,43  41  49.9939,N,2  13  24.8716,E,43.69722052777777,2.2235754444444447,,,
DJI_0136.JPG,694871325,271.89,0.0,43  41  49.5077,N,2  13  25.3123,E,43.69708547222222,2.2236978611111113,,,
DJI_0071.JPG,697361448,303.89,0.0,43  41  48.7184,N,2  13  24.1451,E,43.69686622222222,2.223373638888889,,,
DJI_0156.JPG,699532961,271.89,0.0,43  41  50.1313,N,2  13  24.8694,E,43.69725869444444,2.2235748333333336,,,
DJI_0203.JPG,703728326,273.567,0.0,43  41  50.5463,N,2  13  25.1067,E,43.697373972222216,2.22364075,-3.230613979340408,0.137585343426815,3.1172465238528444
DJI_0047.JPG,717896917,290.372,0.0,43  41  49.5009,N,2  13  24.9041,E,43.69708358333333,2.2235844722222224,,,
DJI_0051.JPG,723583441,290.472,0.0,43  41  49.2018,N,2  13  26.0607,E,43.697000499999994,2.22390575,,,
DJI_0114.JPG,732707452,303.89,0.0,43  41  50.6699,N,2  13  24.2972,E,43.697408305555555,2.223415888888889,,,
DJI_0201.JPG,737116380,269.367,0.0,43  41  50.544,N,2  13  25.0972,E,43.69737333333333,2.223638111111111,-3.3626119971111414,1.1041114154960592,3.249160161180823
DJI_0158.JPG,748041906,271.99,0.0,43  41  50.1423,N,2  13  24.9465,E,43.697261749999996,2.22359625,,,
DJI_0025.JPG,749557417,290.372,0.0,43  41  50.5145,N,2  13  25.1461,E,43.697365138888884,2.2236516944444444,,,
DJI_0115.JPG,762203583,303.89,0.0,43  41  50.6191,N,2  13  24.1782,E,43.69739419444444,2.2233828333333334,,,
DJI_0147.JPG,762593232,272.99,0.0,43  41  49.787,N,2  13  24.8812,E,43.69716305555555,2.2235781111111113,,,
DJI_0091.JPG,770176278,303.89,0.0,43  41  49.4151,N,2  13  26.6894,E,43.697059749999994,2.224080388888889,,,
DJI_0231.JPG,780383715,310.167,0.0,43  41  48.0347,N,2  13  24.6889,E,43.69667630555555,2.2235246944444444,,,
DJI_0044.JPG,785016738,290.472,0.0,43  41  49.7671,N,2  13  23.8648,E,43.697157527777776,2.223295777777778,,,
DJI_0043.JPG,792273395,290.372,0.0,43  41  50.0816,N,2  13  24.0367,E,43.69724488888888,2.2233435277777778,,,
DJI_0111.JPG,809393266,303.89,0.0,43  41  50.7939,N,2  13  24.866,E,43.69744274999999,2.223573888888889,,,
DJI_0133.JPG,819632323,271.99,0.0,43  41  49.5589,N,2  13  25.0936,E,43.69709969444444,2.223637111111111,,,
DJI_0211.JPG,833602628,274.367,0.0,43  41  50.5018,N,2  13  25.6042,E,43.697361611111106,2.2237789444444447,-3.0706392809605783,-0.28829599228225194,5.436811487216957
DJI_0035.JPG,833766825,290.472,0.0,43  41  49.8385,N,2  13  26.3416,E,43.69717736111111,2.223983777777778,,,
DJI_0169.JPG,841819423,272.59,0.0,43  41  49.8495,N,2  13  25.7474,E,43.69718041666666,2.2238187222222225,,,
DJI_0209.JPG,850277058,272.067,0.0,43  41  50.4977,N,2  13  25.5485,E,43.69736047222222,2.223763472222222,-3.108437666544348,0.3050300894854258,5.2975030927068
DJI_0128.JPG,860783529,271.99,0.0,43  41  49.608,N,2  13  24.8588,E,43.69711333333333,2.223571888888889,,,
DJI_0078.JPG,861925945,303.89,0.0,43  41  48.509,N,2  13  25.2605,E,43.69680805555555,2.2236834722222225,,,
DJI_0163.JPG,877015770,271.69,0.0,43  41  49.9249,N,2  13  25.5677,E,43.697201361111105,2.223768805555556,,,
DJI_0207.JPG,877788339,270.767,0.0,43  41  50.568,N,2  13  25.3501,E,43.697379999999995,2.223708361111111,-3.432855408845527,0.6831344670935049,4.254799568480235
DJI_0155.JPG,899138814,271.89,0.0,43  41  50.1322,N,2  13  24.8711,E,43.69725894444444,2.223575305555556,,,
DJI_0057.JPG,905608945,290.372,0.0,43  41  49.2925,N,2  13  24.2891,E,43.69702569444444,2.223413638888889,,,
DJI_0135.JPG,907251857,271.99,0.0,43  41  49.5389,N,2  13  25.1681,E,43.697094138888886,2.223657805555556,,,
DJI_0208.JPG,932857523,269.167,0.0,43  41  50.5103,N,2  13  25.5564,E,43.69736397222222,2.223765666666667,-3.169235097684071,0.9445710853199596,5.361149116161673
DJI_0013.JPG,932884996,303.015,0.0,43  41  49.1165,N,2  13  23.5727,E,43.69697680555555,2.223214638888889,,,
DJI_0098.JPG,938252646,303.79,0.0,43  41  50.1989,N,2  13  26.501,E,43.69727747222222,2.224028055555556,,,
DJI_0100.JPG,940398022,303.89,0.0,43  41  50.3827,N,2  13  26.3204,E,43.69732852777778,2.223977888888889,,,
DJI_0224.JPG,943499610,274.067,0.0,43  41  50.2865,N,2  13  26.148,E,43.697301805555554,2.22393,-2.1791749919105303,-0.16689351840361194,8.281200187312852
DJI_0190.JPG,943749555,271.567,0.0,43  41  50.0242,N,2  13  24.3904,E,43.69722894444444,2.223441777777778,-0.007900210176247315,0.7577469340308435,0.06184988503341717
DJI_0102.JPG,952140466,303.89,0.0,43  41  50.5209,N,2  13  26.1318,E,43.69736691666667,2.2239255,,,
DJI_0037.JPG,965643104,290.372,0.0,43  41  49.6074,N,2  13  25.8103,E,43.69711316666666,2.2238361944444445,,,
DJI_0137.JPG,972359670,271.99,0.0,43  41  49.4704,N,2  13  25.4632,E,43.69707511111111,2.223739777777778,,,
DJI_0125.JPG,972920714,303.79,0.0,43  41  49.7232,N,2  13  23.4249,E,43.69714533333333,2.2231735833333333,,,
DJI_0154.JPG,974828515,271.89,0.0,43  41  50.1348,N,2  13  24.8685,E,43.69725966666666,2.2235745833333334,,,
DJI_0088.JPG,980788940,303.89,0.0,43  41  49.1213,N,2  13  26.5663,E,43.69697813888889,2.2240461944444445,,,
DJI_0040.JPG,1030898223,290.372,0.0,43  41  49.8808,N,2  13  24.7951,E,43.69718911111111,2.2235541944444446,,,
DJI_0120.JPG,1042934052,303.79,0.0,43  41  50.2266,N,2  13  23.6535,E,43.69728516666666,2.2232370833333333,,,
DJI_0173.JPG,1042950743,275.09,0.0,43  41  49.849,N,2  13  25.755,E,43.697180277777775,2.2238208333333334,,,
DJI_0005.JPG,1045559981,295.015,0.0,43  41  50.925,N,2  13  24.308,E,43.69747916666666,2.223418888888889,,,
DJI_0183.JPG,1055678404,266.367,0.0,43  41  49.6041,N,2  13  24.3617,E,43.697112249999996,2.2234338055555556,,,
DJI_0139.JPG,1088797556,271.99,0.0,43  41  49.4209,N,2  13  25.8971,E,43.69706136111111,2.2238603055555557,,,
DJI_0189.JPG,1098005949,268.267,0.0,43  41  50.0296,N,2  13  24.3771,E,43.69723044444444,2.2234380833333334,-0.03338484592867439,1.4761287649785835,0.05985125114476584
DJI_0177.JPG,1123637955,267.967,0.0,43  41  50.0582,N,2  13  24.5564,E,43.697238388888884,2.223487888888889,,,
DJI_0144.JPG,1127301496,274.99,0.0,43  41  49.8188,N,2  13  24.9587,E,43.69717188888889,2.223599638888889,,,
DJI_0074.JPG,1129956883,303.89,0.0,43  41  48.5316,N,2  13  24.6997,E,43.69681433333333,2.2235276944444444,,,
DJI_0222.JPG,1130870868,280.167,0.0,43  41  50.135,N,2  13  26.0669,E,43.69725972222222,2.2239074722222223,,,
DJI_0084.JPG,1131760965,303.89,0.0,43  41  48.738,N,2  13  26.1728,E,43.69687166666667,2.223936888888889,,,
DJI_0072.JPG,1134806890,303.89,0.0,43  41  48.6446,N,2  13  24.2958,E,43.69684572222222,2.2234155,,,
DJI_0197.JPG,1173699222,278.867,0.0,43  41  50.4886,N,2  13  24.4685,E,43.69735794444444,2.2234634722222224,-2.928992532974803,-0.7429106769287379,-0.15647338110984288
DJI_0196.JPG,1181815912,268.567,0.0,43  41  50.4659,N,2  13  24.4653,E,43.69735163888888,2.2234625833333332,-2.7799396015336146,1.5734297880805934,0.08329206958475832
DJI_0172.JPG,1197828234,275.09,0.0,43  41  49.8477,N,2  13  25.7533,E,43.69717991666666,2.223820361111111,,,
DJI_0001.JPG,1201975177,274.115,0.0,43  41  50.2489,N,2  13  24.723,E,43.697291361111105,2.2235341666666666,,,
DJI_0129.JPG,1204988306,271.99,0.0,43  41  49.6092,N,2  13  24.8573,E,43.69711366666667,2.2235714722222224,,,
DJI_0214.JPG,1243421026,272.167,0.0,43  41  50.441,N,2  13  25.7064,E,43.69734472222222,2.2238073333333332,-2.5797950200526003,0.24036108487179553,6.093462512484742
DJI_0052.JPG,1246126427,290.372,0.0,43  41  48.8879,N,2  13  25.8068,E,43.696913305555555,2.223835222222222,,,
DJI_0153.JPG,1257333761,274.39,0.0,43  41  50.1331,N,2  13  24.885,E,43.69725919444444,2.2235791666666667,,,
DJI_0195.JPG,1279038428,272.767,0.0,43  41  50.4619,N,2  13  24.4561,E,43.69735052777777,2.223460027777778,-2.784649101818637,0.5929646916785285,0.0021185946663508926
DJI_0140.JPG,1288203197,272.89,0.0,43  41  49.9746,N,2  13  25.037,E,43.697215166666666,2.223621388888889,,,
DJI_0097.JPG,1289262625,303.89,0.0,43  41  50.1095,N,2  13  26.5608,E,43.697252638888884,2.224044666666667,,,
DJI_0143.JPG,1295472221,274.99,0.0,43  41  49.9737,N,2  13  25.0226,E,43.69721491666667,2.223617388888889,,,
DJI_0010.JPG,1317939873,291.915,0.0,43  41  50.4141,N,2  13  26.4501,E,43.69733725,2.224013916666667,,,
DJI_0099.JPG,1318450807,303.89,0.0,43  41  50.28,N,2  13  26.4265,E,43.6973,2.224007361111111,,,
DJI_0054.JPG,1332788697,290.372,0.0,43  41  49.0268,N,2  13  25.2951,E,43.69695188888888,2.2236930833333335,,,
DJI_0060.JPG,1361334359,303.89,0.0,43  41  49.5531,N,2  13  23.5234,E,43.69709808333333,2.2232009444444447,,,
DJI_0175.JPG,1374682980,266.767,0.0,43  41  50.0825,N,2  13  24.4043,E,43.69724513888889,2.223445638888889,,,
DJI_0162.JPG,1375231241,271.39,0.0,43  41  49.9214,N,2  13  25.5777,E,43.69720038888889,2.2237715833333334,,,
DJI_0161.JPG,1378324567,272.69,0.0,43  41  49.9239,N,2  13  25.5829,E,43.69720108333333,2.223773027777778,,,
DJI_0101.JPG,1390888772,303.89,0.0,43  41  50.453,N,2  13  26.2287,E,43.69734805555555,2.2239524166666667,,,
DJI_0015.JPG,1392006844,291.715,0.0,43  41  48.4513,N,2  13  24.8845,E,43.696792027777775,2.223579027777778,,,
DJI_0205.JPG,1396196608,269.167,0.0,43  41  50.565,N,2  13  25.3087,E,43.697379166666664,2.223696861111111,-3.44061489200388,1.0348809907726868,4.19170018954128
DJI_0200.JPG,1413473729,278.667,0.0,43  41  50.5892,N,2  13  24.6772,E,43.69738588888889,2.2235214444444447,-3.6944513728351205,-0.8211415766345889,0.921305787977718
DJI_0008.JPG,1418511956,267.615,0.0,43  41  50.7891,N,2  13  24.5561,E,43.69744141666666,2.2234878055555556,-4.900574232554909,0.4782145958894075,0.0882418038887578
DJI_0206.JPG,1427941062,272.367,0.0,43  41  50.5598,N,2  13  25.3216,E,43.69737772222222,2.2237004444444444,-3.444547767621789,0.3213305859207346,4.1282640251292495
DJI_0210.JPG,1436592582,271.567,0.0,43  41  50.5103,N,2  13  25.5435,E,43.69736397222222,2.2237620833333334,-3.059195316684276,0.43383024691406447,5.312880146230885
DJI_0061.JPG,1447562175,303.89,0.0,43  41  49.4549,N,2  13  23.5366,E,43.697070805555555,2.2232046111111115,,,
DJI_0157.JPG,1449100995,271.99,0.0,43  41  50.1143,N,2  13  24.9526,E,43.69725397222222,2.2235979444444447,,,
DJI_0179.JPG,1455306464,267.967,0.0,43  41  50.1293,N,2  13  24.3626,E,43.697258138888884,2.223434055555556,-0.6042068782544545,1.4080717532176898,-0.25804225270024717
DJI_0046.JPG,1460731295,290.372,0.0,43  41  49.6014,N,2  13  24.5184,E,43.6971115,2.2234773333333333,,,
DJI_0110.JPG,1466334410,303.89,0.0,43  41  50.8011,N,2  13  24.9606,E,43.697444749999995,2.223600166666667,,,
DJI_0168.JPG,1479715791,272.59,0.0,43  41  49.8467,N,2  13  25.7498,E,43.69717963888888,2.223819388888889,,,
DJI_0131.JPG,1483907764,271.99,0.0,43  41  49.6038,N,2  13  24.8904,E,43.69711216666666,2.223580666666667,,,
DJI_0069.JPG,1486456417,303.99,0.0,43  41  48.8724,N,2  13  23.9134,E,43.696909,2.223309277777778,,,
DJI_0081.JPG,1511470798,303.89,0.0,43  41  48.5346,N,2  13  25.7476,E,43.69681516666666,2.223818777777778,,,
DJI_0007.JPG,1519346540,267.615,0.0,43  41  50.791,N,2  13  24.5584,E,43.69744194444444,2.2234884444444445,-4.918092520420471,0.5033075728987126,0.09341643550315393
DJI_0031.JPG,1520945679,290.372,0.0,43  41  50.1487,N,2  13  25.2474,E,43.69726352777777,2.2236798333333336,,,
DJI_0171.JPG,1522563031,275.09,0.0,43  41  49.8514,N,2  13  25.7486,E,43.69718094444444,2.2238190555555555,,,
DJI_0184.JPG,1528960394,266.367,0.0,43  41  49.6167,N,2  13  24.2421,E,43.697115749999995,2.2234005833333335,,,
DJI_0198.JPG,1537462175,272.567,0.0,43  41  50.5798,N,2  13  24.6706,E,43.697383277777774,2.223519611111111,-3.654862727370798,0.6514459385733092,1.0800959851673662
DJI_0087.JPG,1542303114,303.89,0.0,43  41  49.0073,N,2  13  26.4777,E,43.696946472222216,2.2240215833333337,,,
DJI_0050.JPG,1555835811,290.372,0.0,43  41  49.2354,N,2  13  25.9302,E,43.69700983333333,2.2238695,,,
DJI_0018.JPG,1561485507,369.215,0.0,43  41  48.6445,N,2  13  25.0104,E,43.69684569444444,2.223614,,,
DJI_0152.JPG,1570376919,273.19,0.0,43  41  50.0002,N,2  13  24.8675,E,43.697222277777776,2.2235743055555557,,,
DJI_0027.JPG,1582348179,290.372,0.0,43  41  50.6829,N,2  13  24.5144,E,43.69741191666667,2.223476222222222,,,
DJI_0230.JPG,1585173876,279.967,0.0,43  41  50.0859,N,2  13  26.543,E,43.69724608333333,2.2240397222222223,-0.6428291489478866,-1.5251048669038874,10.135985642939097
DJI_0112.JPG,1586604124,303.79,0.0,43  41  50.7618,N,2  13  24.6356,E,43.69743383333333,2.223509888888889,,,
DJI_0176.JPG,1595374572,266.767,0.0,43  41  50.0726,N,2  13  24.581,E,43.69724238888889,2.2234947222222226,,,
DJI_0151.JPG,1612982051,273.09,0.0,43  41  49.9962,N,2  13  24.8713,E,43.697221166666665,2.223575361111111,,,
DJI_0186.JPG,1625784160,267.467,0.0,43  41  49.9594,N,2  13  24.3766,E,43.69721094444444,2.2234379444444445,0.5263443190342459,1.6335865527718014,0.07772367069975712
DJI_0149.JPG,1649544948,270.69,0.0,43  41  49.993,N,2  13  24.8785,E,43.697220277777774,2.2235773611111114,,,
DJI_0042.JPG,1660109264,290.372,0.0,43  41  50.0476,N,2  13  24.1637,E,43.69723544444444,2.223378805555556,,,
DJI_0226.JPG,1660303534,272.967,0.0,43  41  50.1838,N,2  13  26.2901,E,43.697273277777775,2.2239694722222225,-1.3937061820204741,0.10649050123189752,8.966516752193547
DJI_0142.JPG,1661999563,274.89,0.0,43  41  49.9736,N,2  13  25.0191,E,43.69721488888889,2.2236164166666668,,,
DJI_0006.JPG,1665956782,267.815,0.0,43  41  50.7884,N,2  13  24.5702,E,43.69744122222222,2.223491722222222,-4.887439077985441,0.37590377184995716,0.10044034708003302
DJI_0032.JPG,1668991467,290.372,0.0,43  41  50.0811,N,2  13  25.4852,E,43.697244749999996,2.223745888888889,,,
DJI_0127.JPG,1678249801,303.89,0.0,43  41  49.4987,N,2  13  23.4278,E,43.69708297222222,2.223174388888889,,,
DJI_0039.JPG,1718002585,290.472,0.0,43  41  49.7802,N,2  13  25.1798,E,43.69716116666666,2.2236610555555556,,,
DJI_0202.JPG,1719488623,272.067,0.0,43  41  50.5531,N,2  13  25.1142,E,43.697375861111105,2.2236428333333333,-3.351906403834895,0.48404596033213093,3.1975601385461276
DJI_0055.JPG,1720239773,290.372,0.0,43  41  49.1261,N,2  13  24.9191,E,43.69697947222222,2.223588638888889,,,
DJI_0053.JPG,1731420093,290.372,0.0,43  41  48.9573,N,2  13  25.5476,E,43.69693258333333,2.2237632222222223,,,
DJI_0065.JPG,1743395300,303.89,0.0,43  41  49.1818,N,2  13  23.6423,E,43.69699494444444,2.2232339722222223,,,
DJI_0086.JPG,1753075457,303.89,0.0,43  41  48.9243,N,2  13  26.4024,E,43.696923416666664,2.224000666666667,,,
DJI_0132.JPG,1757837443,271.99,0.0,43  41  49.5836,N,2  13  24.9937,E,43.69710655555555,2.2236093611111114,,,
DJI_0191.JPG,1762398599,274.667,0.0,43  41  50.0274,N,2  13  24.3946,E,43.69722983333333,2.2234429444444443,-0.00238035983201041,-0.0017879891740342985,-0.0007825987782487861
DJI_0121.JPG,1764805998,303.89,0.0,43  41  50.1177,N,2  13  23.5732,E,43.697254916666665,2.2232147777777778,,,
DJI_0229.JPG,1779070890,277.067,0.0,43  41  50.0829,N,2  13  26.5349,E,43.697245249999995,2.2240374722222223,-0.6353825064955827,-0.8403416333728481,10.171115403243883
DJI_0016.JPG,1798879745,284.815,0.0,43  41  49.3176,N,2  13  25.1583,E,43.697032666666665,2.2236550833333335,,,
DJI_0218.JPG,1819373881,269.167,0.0,43  41  50.2926,N,2  13  26.0421,E,43.6973035,2.2239005833333336,-1.8931551794241184,0.7550620724005379,7.9812173061627885
DJI_0079.JPG,1838284219,303.89,0.0,43  41  48.5099,N,2  13  25.4941,E,43.69680830555555,2.2237483611111113,,,
DJI_0048.JPG,1840343125,290.372,0.0,43  41  49.4326,N,2  13  25.1664,E,43.69706461111111,2.2236573333333336,,,
DJI_0118.JPG,1852444048,303.79,0.0,43  41  50.4076,N,2  13  23.8409,E,43.69733544444444,2.223289138888889,,,
DJI_0036.JPG,1856326481,290.372,0.0,43  41  49.5365,N,2  13  26.077,E,43.69709347222222,2.2239102777777777,,,
DJI_0021.JPG,1856826713,290.372,0.0,43  41  50.1798,N,2  13  26.4418,E,43.697272166666664,2.224011611111111,,,
DJI_0232.JPG,1877289774,344.867,0.0,43  41  48.4327,N,2  13  24.6482,E,43.69678686111111,2.223513388888889,,,
DJI_0103.JPG,1887474656,303.89,0.0,43  41  50.5629,N,2  13  26.0638,E,43.69737858333333,2.2239066111111114,,,
DJI_0019.JPG,1887621810,388.615,0.0,43  41  50.1364,N,2  13  22.3677,E,43.697260111111106,2.222879916666667,,,
DJI_0146.JPG,1892782441,271.39,0.0,43  41  49.7959,N,2  13  24.9693,E,43.69716552777778,2.2236025833333333,,,
DJI_0116.JPG,1892786660,303.79,0.0,43  41  50.5614,N,2  13  24.0708,E,43.69737816666667,2.223353,,,
DJI_0062.JPG,1899768887,303.89,0.0,43  41  49.391,N,2  13  23.5516,E,43.69705305555555,2.223208777777778,,,
DJI_0185.JPG,1904619029,266.367,0.0,43  41  49.5962,N,2  13  24.4499,E,43.697110055555555,2.2234583055555555,,,
DJI_0122.JPG,1914889420,303.89,0.0,43  41  50.0357,N,2  13  23.5224,E,43.697232138888886,2.2232006666666666,,,
DJI_0225.JPG,1925375197,270.467,0.0,43  41  50.1888,N,2  13  26.2761,E,43.697274666666665,2.2239655833333334,-1.4073625193917447,0.649763557314108,9.00423787969215
DJI_0009.JPG,1933631280,291.915,0.0,43  41  50.4107,N,2  13  26.4498,E,43.69733630555555,2.2240138333333332,,,
DJI_0090.JPG,1939918056,303.89,0.0,43  41  49.2957,N,2  13  26.6536,E,43.69702658333333,2.2240704444444446,,,
DJI_0187.JPG,1954467278,269.967,0.0,43  41  49.9552,N,2  13  24.3608,E,43.69720977777777,2.2234335555555558,0.5123299458956897,1.070107741091269,0.02919561763664072
DJI_0113.JPG,1963953482,303.79,0.0,43  41  50.7202,N,2  13  24.4674,E,43.697422277777775,2.223463166666667,,,
DJI_0181.JPG,1970283579,267.267,0.0,43  41  49.6221,N,2  13  24.2489,E,43.69711725,2.2234024722222223,,,
DJI_0228.JPG,1970752736,273.267,0.0,43  41  50.0883,N,2  13  26.5363,E,43.69724675,2.2240378611111113,-0.6514803612204362,-0.02947175165742868,10.24277223751374
DJI_0109.JPG,1972786652,303.99,0.0,43  41  50.8012,N,2  13  25.192,E,43.697444777777775,2.2236644444444447,,,
DJI_0126.JPG,1975417958,303.79,0.0,43  41  49.6241,N,2  13  23.4169,E,43.69711780555555,2.223171361111111,,,
DJI_0223.JPG,1984526120,270.067,0.0,43  41  50.293,N,2  13  26.1356,E,43.69730361111111,2.223926555555556,-2.1956677056255405,0.708080414297821,8.382498470880222
DJI_0094.JPG,1986968237,303.89,0.0,43  41  49.7661,N,2  13  26.6982,E,43.69715725,2.2240828333333336,,,
DJI_0204.JPG,1988075704,273.567,0.0,43  41  50.5428,N,2  13  25.1082,E,43.697373,2.223641166666667,-3.2381950927987657,0.09319871159133974,3.0998408680892564
DJI_0026.JPG,1989178685,290.372,0.0,43  41  50.6164,N,2  13  24.7646,E,43.697393444444444,2.223545722222222,,,
DJI_0134.JPG,2016965322,271.99,0.0,43  41  49.5573,N,2  13  25.0874,E,43.697099249999994,2.223635388888889,,,
DJI_0104.JPG,2020546709,303.89,0.0,43  41  50.6465,N,2  13  25.8913,E,43.69740180555555,2.2238586944444445,,,
DJI_0017.JPG,2031474398,357.415,0.0,43  41  46.97,N,2  13  24.4177,E,43.69638055555555,2.2234493611111112,,,
DJI_0045.JPG,2055834818,290.472,0.0,43  41  49.6663,N,2  13  24.2633,E,43.697129527777776,2.2234064722222224,,,
DJI_0170.JPG,2068300110,272.59,0.0,43  41  49.8504,N,2  13  25.7462,E,43.69718066666666,2.223818388888889,,,
DJI_0105.JPG,2088371203,303.99,0.0,43  41  50.6742,N,2  13  25.8135,E,43.6974095,2.2238370833333336,,,
DJI_0145.JPG,2093198778,272.89,0.0,43  41  49.8211,N,2  13  24.9564,E,43.697172527777774,2.223599,,,
DJI_0193.JPG,2115453006,272.167,0.0,43  41  50.1669,N,2  13  24.4316,E,43.69726858333333,2.2234532222222225,-0.7640647943790376,0.6413522739301681,0.03749066459426928
